{"index":{"0":0,"1":0,"2":0},"course_id":{"0":49,"1":13,"2":423},"subject_id":{"0":4,"1":8,"2":10},"professor":{"0":"\uc591\ub300\ud5cc","1":"\ubc30\ud638","2":"\ub3c4\uc778\uc2e4"},"is_english":{"0":"Y","1":"N","2":"N"},"is_online":{"0":"Y","1":"N","2":"N"},"credit":{"0":3,"1":3,"2":3},"course_name":{"0":"\ub514\uc9c0\ud138\ud3ec\ub80c\uc2dd","1":"\uc6f9\ubcf4\uc548\ud504\ub85c\uc81d\ud2b8","2":"\uac1d\uccb4\uc9c0\ud5a5\ud504\ub85c\uadf8\ub798\ubc0d"},"syllabus_id":{"0":"http:\/\/ewha.ac.kr\/\ub514\uc9c0\ud138\ud3ec\ub80c\uc2dd","1":"http:\/\/ewha.ac.kr\/\uc6f9\ubcf4\uc548\ud504\ub85c\uc81d\ud2b8","2":"http:\/\/ewha.ac.kr\/\uac1d\uccb4\uc9c0\ud5a5\ud504\ub85c\uadf8\ub798\ubc0d"}}