{"index":{"0":0,"1":0,"2":0},"user_id":{"0":"muakdns","1":"ashdklfj","2":"weirhoqiwer"},"user_password":{"0":"b'\\x8d%cUr\\xfe\\xbe_Y&f\\xb5\\x0f\\x1d\\xec\\x02\\xcc[\\x1f\\xe0\\xb3\\xad\\x8b\\xa1Y\\xcf\\xa0MP\\xeey-'","1":"b'\\xcf\\xae\\x1b\\x86\\x153u\\xd9\\xc9\\x06\\xc0\\xe0\\x93=\\x1e\\xdb\\x82\\xaf\\xf9\\x83\\xdfS\\x97\\xef\\xb9c\\xaf\\xbd\\\\n\\xe7\\xd4'","2":"b\"\\xbd\\xbf\\xaf^tP\\x99\\xf3+\\xb7\\xed\\xb9_D'\\xa2\\xba\\xa2\\x80\\x82\\x03O\\x88\\x9a\\xf1\\x81\\xb8\\xec\\xf2Y\\x12\\xf9\""},"user_name":{"0":"Heeyoung","1":"Soomin","2":"Chayeon"},"student_id":{"0":"128374","1":"138403","2":"484721"},"major_name":{"0":"\uc0ac\uc774\ubc84\ubcf4\uc548","1":"\ub1cc\uc778\uc9c0\uacfc\ud559","2":"\uc218\ud559"},"major_division":{"0":"1\uc0ac\uc774\ubc84\ubcf4\uc548_2\uc218\ud559","1":"1\ub1cc\uc778\uc9c0_2\uc0ac\uc774\ubc84\ubcf4\uc548_3\uacbd\uc601","2":"1\uc218\ud559_2\ucef4\ud4e8\ud130\uacf5\ud559"},"university_name":{"0":"\uc774\ud654\uc5ec\uc790\ub300\ud559","1":"\uc774\ud654\uc5ec\uc790\ub300\ud559","2":"\uc774\ud654\uc5ec\uc790\ub300\ud559"},"college_name":{"0":"\uc5d8\ud14d\uacf5\uacfc\ub300\ud559","1":"\uc5d8\ud14d\uacf5\uacfc\ub300\ud559","2":"\uc5d8\ud14d\uacf5\uacfc\ub300\ud559"}}